<?xml version="1.0" encoding="UTF-8"?><rss version="2.0"
	xmlns:content="http://purl.org/rss/1.0/modules/content/"
	xmlns:dc="http://purl.org/dc/elements/1.1/"
	xmlns:atom="http://www.w3.org/2005/Atom"
	xmlns:sy="http://purl.org/rss/1.0/modules/syndication/"
	
	>
<channel>
	<title>
	Commenti a: 10 Basic Rules of Men’s Fashion	</title>
	<atom:link href="/2017/05/23/10-basic-rules-of-mens-fashion/feed/" rel="self" type="application/rss+xml" />
	<link>/2017/05/23/10-basic-rules-of-mens-fashion/</link>
	<description></description>
	<lastBuildDate>Wed, 24 May 2017 14:30:30 +0000</lastBuildDate>
	<sy:updatePeriod>
	hourly	</sy:updatePeriod>
	<sy:updateFrequency>
	1	</sy:updateFrequency>
	<generator>https://wordpress.org/?v=6.1.1</generator>
	<item>
		<title>
		Di: Olivia		</title>
		<link>/2017/05/23/10-basic-rules-of-mens-fashion/#comment-5</link>

		<dc:creator><![CDATA[Olivia]]></dc:creator>
		<pubDate>Wed, 24 May 2017 14:30:30 +0000</pubDate>
		<guid isPermaLink="false">http://belinni.pixel-show.com/?p=285#comment-5</guid>

					<description><![CDATA[I hear the buzz of the little world among the stalks, and grow familiar with the countless indescribable forms.]]></description>
			<content:encoded><![CDATA[<p>I hear the buzz of the little world among the stalks, and grow familiar with the countless indescribable forms.</p>
]]></content:encoded>
		
			</item>
	</channel>
</rss>
