<?xml version="1.0" encoding="UTF-8"?><rss version="2.0"
	xmlns:content="http://purl.org/rss/1.0/modules/content/"
	xmlns:dc="http://purl.org/dc/elements/1.1/"
	xmlns:atom="http://www.w3.org/2005/Atom"
	xmlns:sy="http://purl.org/rss/1.0/modules/syndication/"
	
	>
<channel>
	<title>
	Commenti a: The Art of Being Too Creative For Your Own Good	</title>
	<atom:link href="/2017/05/20/the-art-of-being-too-creative-for-your-own-good/feed/" rel="self" type="application/rss+xml" />
	<link>/2017/05/20/the-art-of-being-too-creative-for-your-own-good/</link>
	<description></description>
	<lastBuildDate>Tue, 23 May 2017 20:14:09 +0000</lastBuildDate>
	<sy:updatePeriod>
	hourly	</sy:updatePeriod>
	<sy:updateFrequency>
	1	</sy:updateFrequency>
	<generator>https://wordpress.org/?v=6.1.1</generator>
	<item>
		<title>
		Di: Robert		</title>
		<link>/2017/05/20/the-art-of-being-too-creative-for-your-own-good/#comment-3</link>

		<dc:creator><![CDATA[Robert]]></dc:creator>
		<pubDate>Tue, 23 May 2017 20:14:09 +0000</pubDate>
		<guid isPermaLink="false">http://belinni.pixel-show.com/?p=115#comment-3</guid>

					<description><![CDATA[Hi, Azalea! Great blog.]]></description>
			<content:encoded><![CDATA[<p>Hi, Azalea! Great blog.</p>
]]></content:encoded>
		
			</item>
	</channel>
</rss>
