<?xml version="1.0" encoding="UTF-8"?><rss version="2.0"
	xmlns:content="http://purl.org/rss/1.0/modules/content/"
	xmlns:wfw="http://wellformedweb.org/CommentAPI/"
	xmlns:dc="http://purl.org/dc/elements/1.1/"
	xmlns:atom="http://www.w3.org/2005/Atom"
	xmlns:sy="http://purl.org/rss/1.0/modules/syndication/"
	xmlns:slash="http://purl.org/rss/1.0/modules/slash/"
	>

<channel>
	<title>lemon Archivi - prova03</title>
	<atom:link href="/tag-prodotto/lemon/feed/" rel="self" type="application/rss+xml" />
	<link>/tag-prodotto/lemon/</link>
	<description></description>
	<lastBuildDate>Mon, 06 Mar 2023 16:02:08 +0000</lastBuildDate>
	<language>it-IT</language>
	<sy:updatePeriod>
	hourly	</sy:updatePeriod>
	<sy:updateFrequency>
	1	</sy:updateFrequency>
	<generator>https://wordpress.org/?v=6.1.1</generator>

<image>
	<url>/wp-content/uploads/2023/03/cropped-logositoprova-2-32x32.png</url>
	<title>lemon Archivi - prova03</title>
	<link>/tag-prodotto/lemon/</link>
	<width>32</width>
	<height>32</height>
</image> 
	<item>
		<title>Belinni Set</title>
		<link>/prodotto/belinni-set/</link>
					<comments>/prodotto/belinni-set/#respond</comments>
		
		<dc:creator><![CDATA[Chiara]]></dc:creator>
		<pubDate>Wed, 24 May 2017 11:27:14 +0000</pubDate>
				<guid isPermaLink="false">http://belinni.pixel-show.com/?post_type=product&#038;p=400</guid>

					<description><![CDATA[<p><strong>Potenti at sem</strong> sollicitudin nullam nulla eu, in in in pellentesque. Ut sapien convallis velit, hic libero pede. Sed egestas vel, velit in ac sit nam sit tellus. Ante sed sollicitudin fringilla mi vivamus, lorem ligula quam. Varius non aliquet justo massa vehicula, placerat tellus aenean eget et venenatis urna, fringilla dictum integer, donec metus laboris per nec vestibulum curabitur. Cras eleifend ipsum, nullam felis mattis orci viverra orci, elit enim ornare non vitae tortor duis, nulla vitae a est quam lacus. Mi maecenas sollicitudin nulla vestibulum et wisi, ac semper nibh at. Rerum interdum amet nam in, sed dui, varius tortor sed mi maecenas commodo, fringilla phasellus amet diam elementum, erat eu lacus. <strong>Augue scelerisque</strong>, erat curae varius sapien eget. Duis aliquet.</p>
<p>L'articolo <a rel="nofollow" href="/prodotto/belinni-set/">Belinni Set</a> proviene da <a rel="nofollow" href="">prova03</a>.</p>
]]></description>
										<content:encoded><![CDATA[<p>Belinni Set: prodotti basic per la tua giornata top</p>
<p>L'articolo <a rel="nofollow" href="/prodotto/belinni-set/">Belinni Set</a> proviene da <a rel="nofollow" href="">prova03</a>.</p>
]]></content:encoded>
					
					<wfw:commentRss>/prodotto/belinni-set/feed/</wfw:commentRss>
			<slash:comments>0</slash:comments>
		
		
			</item>
	</channel>
</rss>
