<?xml version="1.0" encoding="UTF-8"?><rss version="2.0"
	xmlns:content="http://purl.org/rss/1.0/modules/content/"
	xmlns:dc="http://purl.org/dc/elements/1.1/"
	xmlns:atom="http://www.w3.org/2005/Atom"
	xmlns:sy="http://purl.org/rss/1.0/modules/syndication/"
	
	>
<channel>
	<title>
	Commenti a: 3 Ways to Improve Transparency on Grailed	</title>
	<atom:link href="/2017/05/20/3-ways-to-improve-transparency-on-grailed/feed/" rel="self" type="application/rss+xml" />
	<link>/2017/05/20/3-ways-to-improve-transparency-on-grailed/</link>
	<description></description>
	<lastBuildDate>Wed, 24 May 2017 14:31:18 +0000</lastBuildDate>
	<sy:updatePeriod>
	hourly	</sy:updatePeriod>
	<sy:updateFrequency>
	1	</sy:updateFrequency>
	<generator>https://wordpress.org/?v=6.1.1</generator>
	<item>
		<title>
		Di: Megan		</title>
		<link>/2017/05/20/3-ways-to-improve-transparency-on-grailed/#comment-4</link>

		<dc:creator><![CDATA[Megan]]></dc:creator>
		<pubDate>Wed, 24 May 2017 14:31:18 +0000</pubDate>
		<guid isPermaLink="false">http://belinni.pixel-show.com/?p=143#comment-4</guid>

					<description><![CDATA[Cool!]]></description>
			<content:encoded><![CDATA[<p>Cool!</p>
]]></content:encoded>
		
			</item>
	</channel>
</rss>
