<?xml version="1.0" encoding="UTF-8"?><rss version="2.0"
	xmlns:content="http://purl.org/rss/1.0/modules/content/"
	xmlns:dc="http://purl.org/dc/elements/1.1/"
	xmlns:atom="http://www.w3.org/2005/Atom"
	xmlns:sy="http://purl.org/rss/1.0/modules/syndication/"
	
	>
<channel>
	<title>
	Commenti a: How to become a better leader and get the most out of your team	</title>
	<atom:link href="/2017/05/23/how-to-become-a-better-leader-and-get-the-most-out-of-your-team/feed/" rel="self" type="application/rss+xml" />
	<link>/2017/05/23/how-to-become-a-better-leader-and-get-the-most-out-of-your-team/</link>
	<description></description>
	<lastBuildDate>Tue, 23 May 2017 07:15:21 +0000</lastBuildDate>
	<sy:updatePeriod>
	hourly	</sy:updatePeriod>
	<sy:updateFrequency>
	1	</sy:updateFrequency>
	<generator>https://wordpress.org/?v=6.1.1</generator>
</channel>
</rss>
