<?xml version="1.0" encoding="UTF-8"?><rss version="2.0"
	xmlns:content="http://purl.org/rss/1.0/modules/content/"
	xmlns:dc="http://purl.org/dc/elements/1.1/"
	xmlns:atom="http://www.w3.org/2005/Atom"
	xmlns:sy="http://purl.org/rss/1.0/modules/syndication/"
	
	>
<channel>
	<title>
	Commenti a: Tools I Use To Learn, Work And Travel Anywhere	</title>
	<atom:link href="/2017/05/23/tools-i-use-to-learn-work-and-travel-anywhere/feed/" rel="self" type="application/rss+xml" />
	<link>/2017/05/23/tools-i-use-to-learn-work-and-travel-anywhere/</link>
	<description></description>
	<lastBuildDate>Wed, 24 May 2017 14:40:57 +0000</lastBuildDate>
	<sy:updatePeriod>
	hourly	</sy:updatePeriod>
	<sy:updateFrequency>
	1	</sy:updateFrequency>
	<generator>https://wordpress.org/?v=6.1.1</generator>
	<item>
		<title>
		Di: Azalea Ronkowski		</title>
		<link>/2017/05/23/tools-i-use-to-learn-work-and-travel-anywhere/#comment-14</link>

		<dc:creator><![CDATA[Azalea Ronkowski]]></dc:creator>
		<pubDate>Wed, 24 May 2017 14:40:57 +0000</pubDate>
		<guid isPermaLink="false">http://belinni.pixel-show.com/?p=293#comment-14</guid>

					<description><![CDATA[In risposta a &lt;a href=&quot;/2017/05/23/tools-i-use-to-learn-work-and-travel-anywhere/#comment-13&quot;&gt;Mike&lt;/a&gt;.

Libero, sit amet adipiscing sem neque sed ipsum.]]></description>
			<content:encoded><![CDATA[<p>In risposta a <a href="/2017/05/23/tools-i-use-to-learn-work-and-travel-anywhere/#comment-13">Mike</a>.</p>
<p>Libero, sit amet adipiscing sem neque sed ipsum.</p>
]]></content:encoded>
		
			</item>
		<item>
		<title>
		Di: Mike		</title>
		<link>/2017/05/23/tools-i-use-to-learn-work-and-travel-anywhere/#comment-13</link>

		<dc:creator><![CDATA[Mike]]></dc:creator>
		<pubDate>Wed, 24 May 2017 14:40:05 +0000</pubDate>
		<guid isPermaLink="false">http://belinni.pixel-show.com/?p=293#comment-13</guid>

					<description><![CDATA[Maecenas tempus, tellus eget condimentum rhoncus, sem quam semper libero, sit amet adipiscing sem neque sed ipsum.]]></description>
			<content:encoded><![CDATA[<p>Maecenas tempus, tellus eget condimentum rhoncus, sem quam semper libero, sit amet adipiscing sem neque sed ipsum.</p>
]]></content:encoded>
		
			</item>
	</channel>
</rss>
