<?xml version="1.0" encoding="UTF-8"?><rss version="2.0"
	xmlns:content="http://purl.org/rss/1.0/modules/content/"
	xmlns:dc="http://purl.org/dc/elements/1.1/"
	xmlns:atom="http://www.w3.org/2005/Atom"
	xmlns:sy="http://purl.org/rss/1.0/modules/syndication/"
	
	>
<channel>
	<title>
	Commenti a: 25+ Creative Photographers Who Know How To Use Shadows	</title>
	<atom:link href="/2017/05/20/25-creative-photographers-who-know-how-to-use-shadows/feed/" rel="self" type="application/rss+xml" />
	<link>/2017/05/20/25-creative-photographers-who-know-how-to-use-shadows/</link>
	<description></description>
	<lastBuildDate>Sat, 20 May 2017 15:29:42 +0000</lastBuildDate>
	<sy:updatePeriod>
	hourly	</sy:updatePeriod>
	<sy:updateFrequency>
	1	</sy:updateFrequency>
	<generator>https://wordpress.org/?v=6.1.1</generator>
</channel>
</rss>
