<?xml version="1.0" encoding="UTF-8"?><rss version="2.0"
	xmlns:content="http://purl.org/rss/1.0/modules/content/"
	xmlns:dc="http://purl.org/dc/elements/1.1/"
	xmlns:atom="http://www.w3.org/2005/Atom"
	xmlns:sy="http://purl.org/rss/1.0/modules/syndication/"
	
	>
<channel>
	<title>
	Commenti a: 16 Reasons Why Blorange Hair Is the New Rose Gold	</title>
	<atom:link href="/2017/05/23/16-reasons-why-blorange-hair-is-the-new-rose-gold/feed/" rel="self" type="application/rss+xml" />
	<link>/2017/05/23/16-reasons-why-blorange-hair-is-the-new-rose-gold/</link>
	<description></description>
	<lastBuildDate>Wed, 24 May 2017 14:38:36 +0000</lastBuildDate>
	<sy:updatePeriod>
	hourly	</sy:updatePeriod>
	<sy:updateFrequency>
	1	</sy:updateFrequency>
	<generator>https://wordpress.org/?v=6.1.1</generator>
	<item>
		<title>
		Di: Olivia		</title>
		<link>/2017/05/23/16-reasons-why-blorange-hair-is-the-new-rose-gold/#comment-19</link>

		<dc:creator><![CDATA[Olivia]]></dc:creator>
		<pubDate>Wed, 24 May 2017 14:38:36 +0000</pubDate>
		<guid isPermaLink="false">http://belinni.pixel-show.com/?p=303#comment-19</guid>

					<description><![CDATA[I am alone, and feel the charm of existence in this spot, which was created for the bliss of souls like mine.]]></description>
			<content:encoded><![CDATA[<p>I am alone, and feel the charm of existence in this spot, which was created for the bliss of souls like mine.</p>
]]></content:encoded>
		
			</item>
	</channel>
</rss>
