<?xml version="1.0" encoding="UTF-8"?><rss version="2.0"
	xmlns:content="http://purl.org/rss/1.0/modules/content/"
	xmlns:dc="http://purl.org/dc/elements/1.1/"
	xmlns:atom="http://www.w3.org/2005/Atom"
	xmlns:sy="http://purl.org/rss/1.0/modules/syndication/"
	
	>
<channel>
	<title>
	Commenti a: Wistful wonders: The tranquil illustrations	</title>
	<atom:link href="/2017/05/24/wistful-wonders-the-tranquil-illustrations/feed/" rel="self" type="application/rss+xml" />
	<link>/2017/05/24/wistful-wonders-the-tranquil-illustrations/</link>
	<description></description>
	<lastBuildDate>Wed, 24 May 2017 14:33:30 +0000</lastBuildDate>
	<sy:updatePeriod>
	hourly	</sy:updatePeriod>
	<sy:updateFrequency>
	1	</sy:updateFrequency>
	<generator>https://wordpress.org/?v=6.1.1</generator>
	<item>
		<title>
		Di: Mike		</title>
		<link>/2017/05/24/wistful-wonders-the-tranquil-illustrations/#comment-25</link>

		<dc:creator><![CDATA[Mike]]></dc:creator>
		<pubDate>Wed, 24 May 2017 14:33:30 +0000</pubDate>
		<guid isPermaLink="false">http://belinni.pixel-show.com/?p=363#comment-25</guid>

					<description><![CDATA[&lt;blockquote&gt;Cras eleifend ipsum, nullam felis mattis orci viverra orci, elit enim ornare non vitae tortor duis, nulla vitae a est quam lacus.&lt;/blockquote&gt;
Like this!]]></description>
			<content:encoded><![CDATA[<blockquote><p>Cras eleifend ipsum, nullam felis mattis orci viverra orci, elit enim ornare non vitae tortor duis, nulla vitae a est quam lacus.</p></blockquote>
<p>Like this!</p>
]]></content:encoded>
		
			</item>
	</channel>
</rss>
