<?xml version="1.0" encoding="UTF-8"?><rss version="2.0"
	xmlns:content="http://purl.org/rss/1.0/modules/content/"
	xmlns:dc="http://purl.org/dc/elements/1.1/"
	xmlns:atom="http://www.w3.org/2005/Atom"
	xmlns:sy="http://purl.org/rss/1.0/modules/syndication/"
	
	>
<channel>
	<title>
	Commenti a: Kiss T-shirt	</title>
	<atom:link href="/prodotto/kiss-t-shirt/feed/" rel="self" type="application/rss+xml" />
	<link>/prodotto/kiss-t-shirt/</link>
	<description></description>
	<lastBuildDate>Mon, 06 Mar 2023 16:03:00 +0000</lastBuildDate>
	<sy:updatePeriod>
	hourly	</sy:updatePeriod>
	<sy:updateFrequency>
	1	</sy:updateFrequency>
	<generator>https://wordpress.org/?v=6.1.1</generator>
	<item>
		<title>
		Di: Stefani		</title>
		<link>/prodotto/kiss-t-shirt/#comment-26</link>

		<dc:creator><![CDATA[Stefani]]></dc:creator>
		<pubDate>Wed, 24 May 2017 12:58:35 +0000</pubDate>
		<guid isPermaLink="false">http://belinni.pixel-show.com/?post_type=product&#038;p=401#comment-26</guid>

					<description><![CDATA[I love this mango.]]></description>
			<content:encoded><![CDATA[<p>I love this mango.</p>
]]></content:encoded>
		
			</item>
	</channel>
</rss>
