<?xml version="1.0" encoding="UTF-8"?><rss version="2.0"
	xmlns:content="http://purl.org/rss/1.0/modules/content/"
	xmlns:dc="http://purl.org/dc/elements/1.1/"
	xmlns:atom="http://www.w3.org/2005/Atom"
	xmlns:sy="http://purl.org/rss/1.0/modules/syndication/"
	
	>
<channel>
	<title>
	Commenti a: A pocket-sized insider’s guide to the best of East London	</title>
	<atom:link href="/2017/05/24/a-pocket-sized-insiders-guide-to-the-best-of-east-london/feed/" rel="self" type="application/rss+xml" />
	<link>/2017/05/24/a-pocket-sized-insiders-guide-to-the-best-of-east-london/</link>
	<description></description>
	<lastBuildDate>Wed, 24 May 2017 07:25:15 +0000</lastBuildDate>
	<sy:updatePeriod>
	hourly	</sy:updatePeriod>
	<sy:updateFrequency>
	1	</sy:updateFrequency>
	<generator>https://wordpress.org/?v=6.1.1</generator>
</channel>
</rss>
