<?xml version="1.0" encoding="UTF-8"?><rss version="2.0"
	xmlns:content="http://purl.org/rss/1.0/modules/content/"
	xmlns:dc="http://purl.org/dc/elements/1.1/"
	xmlns:atom="http://www.w3.org/2005/Atom"
	xmlns:sy="http://purl.org/rss/1.0/modules/syndication/"
	
	>
<channel>
	<title>
	Commenti a: 10 Questions on the Future of the Travel Industry	</title>
	<atom:link href="/2017/05/23/10-questions-on-the-future-of-the-travel-industry/feed/" rel="self" type="application/rss+xml" />
	<link>/2017/05/23/10-questions-on-the-future-of-the-travel-industry/</link>
	<description></description>
	<lastBuildDate>Wed, 24 May 2017 14:29:11 +0000</lastBuildDate>
	<sy:updatePeriod>
	hourly	</sy:updatePeriod>
	<sy:updateFrequency>
	1	</sy:updateFrequency>
	<generator>https://wordpress.org/?v=6.1.1</generator>
	<item>
		<title>
		Di: Milena		</title>
		<link>/2017/05/23/10-questions-on-the-future-of-the-travel-industry/#comment-15</link>

		<dc:creator><![CDATA[Milena]]></dc:creator>
		<pubDate>Wed, 24 May 2017 14:29:11 +0000</pubDate>
		<guid isPermaLink="false">http://belinni.pixel-show.com/?p=357#comment-15</guid>

					<description><![CDATA[Donec sodales sagittis magna. Sed consequat, leo eget bibendum sodales, augue velit cursus nunc.]]></description>
			<content:encoded><![CDATA[<p>Donec sodales sagittis magna. Sed consequat, leo eget bibendum sodales, augue velit cursus nunc.</p>
]]></content:encoded>
		
			</item>
	</channel>
</rss>
