<?xml version="1.0" encoding="UTF-8"?><rss version="2.0"
	xmlns:content="http://purl.org/rss/1.0/modules/content/"
	xmlns:dc="http://purl.org/dc/elements/1.1/"
	xmlns:atom="http://www.w3.org/2005/Atom"
	xmlns:sy="http://purl.org/rss/1.0/modules/syndication/"
	
	>
<channel>
	<title>
	Commenti a: The 12 Things Traveling Teaches You	</title>
	<atom:link href="/2017/05/23/the-12-things-traveling-teaches-you/feed/" rel="self" type="application/rss+xml" />
	<link>/2017/05/23/the-12-things-traveling-teaches-you/</link>
	<description></description>
	<lastBuildDate>Wed, 24 May 2017 14:39:46 +0000</lastBuildDate>
	<sy:updatePeriod>
	hourly	</sy:updatePeriod>
	<sy:updateFrequency>
	1	</sy:updateFrequency>
	<generator>https://wordpress.org/?v=6.1.1</generator>
	<item>
		<title>
		Di: Blogger		</title>
		<link>/2017/05/23/the-12-things-traveling-teaches-you/#comment-16</link>

		<dc:creator><![CDATA[Blogger]]></dc:creator>
		<pubDate>Wed, 24 May 2017 14:39:46 +0000</pubDate>
		<guid isPermaLink="false">http://belinni.pixel-show.com/?p=295#comment-16</guid>

					<description><![CDATA[A wonderful serenity has taken possession of my entire soul]]></description>
			<content:encoded><![CDATA[<p>A wonderful serenity has taken possession of my entire soul</p>
]]></content:encoded>
		
			</item>
	</channel>
</rss>
