<?xml version="1.0" encoding="UTF-8"?><rss version="2.0"
	xmlns:content="http://purl.org/rss/1.0/modules/content/"
	xmlns:dc="http://purl.org/dc/elements/1.1/"
	xmlns:atom="http://www.w3.org/2005/Atom"
	xmlns:sy="http://purl.org/rss/1.0/modules/syndication/"
	
	>
<channel>
	<title>
	Commenti a: More Than Just a Hobby	</title>
	<atom:link href="/2017/05/24/more-than-just-a-hobby/feed/" rel="self" type="application/rss+xml" />
	<link>/2017/05/24/more-than-just-a-hobby/</link>
	<description></description>
	<lastBuildDate>Wed, 24 May 2017 14:38:18 +0000</lastBuildDate>
	<sy:updatePeriod>
	hourly	</sy:updatePeriod>
	<sy:updateFrequency>
	1	</sy:updateFrequency>
	<generator>https://wordpress.org/?v=6.1.1</generator>
	<item>
		<title>
		Di: Anastasia		</title>
		<link>/2017/05/24/more-than-just-a-hobby/#comment-20</link>

		<dc:creator><![CDATA[Anastasia]]></dc:creator>
		<pubDate>Wed, 24 May 2017 14:38:18 +0000</pubDate>
		<guid isPermaLink="false">http://belinni.pixel-show.com/?p=345#comment-20</guid>

					<description><![CDATA[Nunc donec, dictum suspendisse consectetuer]]></description>
			<content:encoded><![CDATA[<p>Nunc donec, dictum suspendisse consectetuer</p>
]]></content:encoded>
		
			</item>
	</channel>
</rss>
