<?xml version="1.0" encoding="UTF-8"?><rss version="2.0"
	xmlns:content="http://purl.org/rss/1.0/modules/content/"
	xmlns:wfw="http://wellformedweb.org/CommentAPI/"
	xmlns:dc="http://purl.org/dc/elements/1.1/"
	xmlns:atom="http://www.w3.org/2005/Atom"
	xmlns:sy="http://purl.org/rss/1.0/modules/syndication/"
	xmlns:slash="http://purl.org/rss/1.0/modules/slash/"
	>

<channel>
	<title>T-shirt Archivi - prova03</title>
	<atom:link href="/tag-prodotto/t-shirt/feed/" rel="self" type="application/rss+xml" />
	<link>/tag-prodotto/t-shirt/</link>
	<description></description>
	<lastBuildDate>Mon, 06 Mar 2023 16:03:00 +0000</lastBuildDate>
	<language>it-IT</language>
	<sy:updatePeriod>
	hourly	</sy:updatePeriod>
	<sy:updateFrequency>
	1	</sy:updateFrequency>
	<generator>https://wordpress.org/?v=6.1.1</generator>

<image>
	<url>/wp-content/uploads/2023/03/cropped-logositoprova-2-32x32.png</url>
	<title>T-shirt Archivi - prova03</title>
	<link>/tag-prodotto/t-shirt/</link>
	<width>32</width>
	<height>32</height>
</image> 
	<item>
		<title>T-shirt</title>
		<link>/prodotto/stylish-%d1%81actus/</link>
					<comments>/prodotto/stylish-%d1%81actus/#comments</comments>
		
		<dc:creator><![CDATA[Chiara]]></dc:creator>
		<pubDate>Wed, 24 May 2017 11:40:10 +0000</pubDate>
				<guid isPermaLink="false">http://belinni.pixel-show.com/?post_type=product&#038;p=406</guid>

					<description><![CDATA[<p>100% cotone Made in Italy Codice prodotto: PFD0264 Anno 2023 Stagione: tutte</p>
<p>L'articolo <a rel="nofollow" href="/prodotto/stylish-%d1%81actus/">T-shirt</a> proviene da <a rel="nofollow" href="">prova03</a>.</p>
]]></description>
										<content:encoded><![CDATA[<ul>
<li>100% cotone</li>
<li>Made in Italy</li>
<li>Codice prodotto: PFD0264</li>
<li>Anno 2023</li>
<li>Stagione: tutte</li>
</ul>
<p>L'articolo <a rel="nofollow" href="/prodotto/stylish-%d1%81actus/">T-shirt</a> proviene da <a rel="nofollow" href="">prova03</a>.</p>
]]></content:encoded>
					
					<wfw:commentRss>/prodotto/stylish-%d1%81actus/feed/</wfw:commentRss>
			<slash:comments>1</slash:comments>
		
		
			</item>
		<item>
		<title>Kiss T-shirt</title>
		<link>/prodotto/kiss-t-shirt/</link>
					<comments>/prodotto/kiss-t-shirt/#comments</comments>
		
		<dc:creator><![CDATA[Chiara]]></dc:creator>
		<pubDate>Wed, 24 May 2017 11:30:41 +0000</pubDate>
				<guid isPermaLink="false">http://belinni.pixel-show.com/?post_type=product&#038;p=401</guid>

					<description><![CDATA[<p>100% cotone Made in Italy Codice prodotto: PFD0264 Anno 2023 Stagione: tutte</p>
<p>L'articolo <a rel="nofollow" href="/prodotto/kiss-t-shirt/">Kiss T-shirt</a> proviene da <a rel="nofollow" href="">prova03</a>.</p>
]]></description>
										<content:encoded><![CDATA[<ul>
<li>100% cotone</li>
<li>Made in Italy</li>
<li>Codice prodotto: PFD0264</li>
<li>Anno 2023</li>
<li>Stagione: tutte</li>
</ul>
<p>L'articolo <a rel="nofollow" href="/prodotto/kiss-t-shirt/">Kiss T-shirt</a> proviene da <a rel="nofollow" href="">prova03</a>.</p>
]]></content:encoded>
					
					<wfw:commentRss>/prodotto/kiss-t-shirt/feed/</wfw:commentRss>
			<slash:comments>1</slash:comments>
		
		
			</item>
	</channel>
</rss>
