<?xml version="1.0" encoding="UTF-8"?><rss version="2.0"
	xmlns:content="http://purl.org/rss/1.0/modules/content/"
	xmlns:dc="http://purl.org/dc/elements/1.1/"
	xmlns:atom="http://www.w3.org/2005/Atom"
	xmlns:sy="http://purl.org/rss/1.0/modules/syndication/"
	
	>
<channel>
	<title>
	Commenti per prova03	</title>
	<atom:link href="/comments/feed/" rel="self" type="application/rss+xml" />
	<link>/</link>
	<description></description>
	<lastBuildDate>Fri, 03 Mar 2023 09:31:33 +0000</lastBuildDate>
	<sy:updatePeriod>
	hourly	</sy:updatePeriod>
	<sy:updateFrequency>
	1	</sy:updateFrequency>
	<generator>https://wordpress.org/?v=6.1.1</generator>
	<item>
		<title>
		Commenti su Ciao mondo! di Un commentatore di WordPress		</title>
		<link>/2023/03/03/ciao-mondo/#comment-1</link>

		<dc:creator><![CDATA[Un commentatore di WordPress]]></dc:creator>
		<pubDate>Fri, 03 Mar 2023 09:31:33 +0000</pubDate>
		<guid isPermaLink="false">/?p=1#comment-1</guid>

					<description><![CDATA[Ciao, questo è un commento.
Per iniziare a moderare, modificare ed eliminare commenti, vai alla schermata dei commenti nella bacheca.
Gli avatar di chi lascia un commento sono forniti da &lt;a href=&quot;https://it.gravatar.com/&quot;&gt;Gravatar&lt;/a&gt;.]]></description>
			<content:encoded><![CDATA[<p>Ciao, questo è un commento.<br />
Per iniziare a moderare, modificare ed eliminare commenti, vai alla schermata dei commenti nella bacheca.<br />
Gli avatar di chi lascia un commento sono forniti da <a href="https://it.gravatar.com/">Gravatar</a>.</p>
]]></content:encoded>
		
			</item>
		<item>
		<title>
		Commenti su Tools I Use To Learn, Work And Travel Anywhere di Azalea Ronkowski		</title>
		<link>/2017/05/23/tools-i-use-to-learn-work-and-travel-anywhere/#comment-14</link>

		<dc:creator><![CDATA[Azalea Ronkowski]]></dc:creator>
		<pubDate>Wed, 24 May 2017 14:40:57 +0000</pubDate>
		<guid isPermaLink="false">http://belinni.pixel-show.com/?p=293#comment-14</guid>

					<description><![CDATA[In risposta a &lt;a href=&quot;/2017/05/23/tools-i-use-to-learn-work-and-travel-anywhere/#comment-13&quot;&gt;Mike&lt;/a&gt;.

Libero, sit amet adipiscing sem neque sed ipsum.]]></description>
			<content:encoded><![CDATA[<p>In risposta a <a href="/2017/05/23/tools-i-use-to-learn-work-and-travel-anywhere/#comment-13">Mike</a>.</p>
<p>Libero, sit amet adipiscing sem neque sed ipsum.</p>
]]></content:encoded>
		
			</item>
		<item>
		<title>
		Commenti su Tools I Use To Learn, Work And Travel Anywhere di Mike		</title>
		<link>/2017/05/23/tools-i-use-to-learn-work-and-travel-anywhere/#comment-13</link>

		<dc:creator><![CDATA[Mike]]></dc:creator>
		<pubDate>Wed, 24 May 2017 14:40:05 +0000</pubDate>
		<guid isPermaLink="false">http://belinni.pixel-show.com/?p=293#comment-13</guid>

					<description><![CDATA[Maecenas tempus, tellus eget condimentum rhoncus, sem quam semper libero, sit amet adipiscing sem neque sed ipsum.]]></description>
			<content:encoded><![CDATA[<p>Maecenas tempus, tellus eget condimentum rhoncus, sem quam semper libero, sit amet adipiscing sem neque sed ipsum.</p>
]]></content:encoded>
		
			</item>
		<item>
		<title>
		Commenti su The 12 Things Traveling Teaches You di Blogger		</title>
		<link>/2017/05/23/the-12-things-traveling-teaches-you/#comment-16</link>

		<dc:creator><![CDATA[Blogger]]></dc:creator>
		<pubDate>Wed, 24 May 2017 14:39:46 +0000</pubDate>
		<guid isPermaLink="false">http://belinni.pixel-show.com/?p=295#comment-16</guid>

					<description><![CDATA[A wonderful serenity has taken possession of my entire soul]]></description>
			<content:encoded><![CDATA[<p>A wonderful serenity has taken possession of my entire soul</p>
]]></content:encoded>
		
			</item>
		<item>
		<title>
		Commenti su What are people working on in coffee shops? di Mark		</title>
		<link>/2017/05/23/what-are-people-working-on-in-coffee-shops/#comment-17</link>

		<dc:creator><![CDATA[Mark]]></dc:creator>
		<pubDate>Wed, 24 May 2017 14:39:29 +0000</pubDate>
		<guid isPermaLink="false">http://belinni.pixel-show.com/?p=301#comment-17</guid>

					<description><![CDATA[I should be incapable of drawing a single stroke at the present moment; and yet I feel that I never was a greater artist than now. This is test comment.]]></description>
			<content:encoded><![CDATA[<p>I should be incapable of drawing a single stroke at the present moment; and yet I feel that I never was a greater artist than now. This is test comment.</p>
]]></content:encoded>
		
			</item>
		<item>
		<title>
		Commenti su 16 Reasons Why Blorange Hair Is the New Rose Gold di Olivia		</title>
		<link>/2017/05/23/16-reasons-why-blorange-hair-is-the-new-rose-gold/#comment-19</link>

		<dc:creator><![CDATA[Olivia]]></dc:creator>
		<pubDate>Wed, 24 May 2017 14:38:36 +0000</pubDate>
		<guid isPermaLink="false">http://belinni.pixel-show.com/?p=303#comment-19</guid>

					<description><![CDATA[I am alone, and feel the charm of existence in this spot, which was created for the bliss of souls like mine.]]></description>
			<content:encoded><![CDATA[<p>I am alone, and feel the charm of existence in this spot, which was created for the bliss of souls like mine.</p>
]]></content:encoded>
		
			</item>
		<item>
		<title>
		Commenti su More Than Just a Hobby di Anastasia		</title>
		<link>/2017/05/24/more-than-just-a-hobby/#comment-20</link>

		<dc:creator><![CDATA[Anastasia]]></dc:creator>
		<pubDate>Wed, 24 May 2017 14:38:18 +0000</pubDate>
		<guid isPermaLink="false">http://belinni.pixel-show.com/?p=345#comment-20</guid>

					<description><![CDATA[Nunc donec, dictum suspendisse consectetuer]]></description>
			<content:encoded><![CDATA[<p>Nunc donec, dictum suspendisse consectetuer</p>
]]></content:encoded>
		
			</item>
		<item>
		<title>
		Commenti su Why I travel solo di Best		</title>
		<link>/2017/05/23/why-i-travel-solo/#comment-12</link>

		<dc:creator><![CDATA[Best]]></dc:creator>
		<pubDate>Wed, 24 May 2017 14:37:38 +0000</pubDate>
		<guid isPermaLink="false">http://belinni.pixel-show.com/?p=291#comment-12</guid>

					<description><![CDATA[A wonderful serenity has taken possession of my entire soul, like these sweet mornings of spring which I enjoy with my whole heart.]]></description>
			<content:encoded><![CDATA[<p>A wonderful serenity has taken possession of my entire soul, like these sweet mornings of spring which I enjoy with my whole heart.</p>
]]></content:encoded>
		
			</item>
		<item>
		<title>
		Commenti su 100 Ways to be More Happy di Olga		</title>
		<link>/2017/05/24/100-ways-to-be-more-sexy/#comment-22</link>

		<dc:creator><![CDATA[Olga]]></dc:creator>
		<pubDate>Wed, 24 May 2017 14:36:50 +0000</pubDate>
		<guid isPermaLink="false">http://belinni.pixel-show.com/?p=359#comment-22</guid>

					<description><![CDATA[Rerum interdum amet nam in, sed dui, varius tortor sed mi maecenas commodo...]]></description>
			<content:encoded><![CDATA[<p>Rerum interdum amet nam in, sed dui, varius tortor sed mi maecenas commodo&#8230;</p>
]]></content:encoded>
		
			</item>
		<item>
		<title>
		Commenti su “More Than Just a Hobby” is locked More Than Just a Hobby di Milena		</title>
		<link>/2017/05/24/more-than-just-a-hobby-is-locked-more-than-just-a-hobby/#comment-21</link>

		<dc:creator><![CDATA[Milena]]></dc:creator>
		<pubDate>Wed, 24 May 2017 14:35:58 +0000</pubDate>
		<guid isPermaLink="false">http://belinni.pixel-show.com/?p=355#comment-21</guid>

					<description><![CDATA[I hear the buzz of the little world among the stalks, and grow familiar with the countless indescribable forms of the insects and flies, then I feel the presence of the Almighty, who formed us in his own image, and the breath.]]></description>
			<content:encoded><![CDATA[<p>I hear the buzz of the little world among the stalks, and grow familiar with the countless indescribable forms of the insects and flies, then I feel the presence of the Almighty, who formed us in his own image, and the breath.</p>
]]></content:encoded>
		
			</item>
	</channel>
</rss>
