<?xml version="1.0" encoding="UTF-8"?><rss version="2.0"
	xmlns:content="http://purl.org/rss/1.0/modules/content/"
	xmlns:wfw="http://wellformedweb.org/CommentAPI/"
	xmlns:dc="http://purl.org/dc/elements/1.1/"
	xmlns:atom="http://www.w3.org/2005/Atom"
	xmlns:sy="http://purl.org/rss/1.0/modules/syndication/"
	xmlns:slash="http://purl.org/rss/1.0/modules/slash/"
	>

<channel>
	<title>clothes Archivi - prova03</title>
	<atom:link href="/categoria-prodotto/clothes/feed/" rel="self" type="application/rss+xml" />
	<link>/categoria-prodotto/clothes/</link>
	<description></description>
	<lastBuildDate>Mon, 06 Mar 2023 16:08:27 +0000</lastBuildDate>
	<language>it-IT</language>
	<sy:updatePeriod>
	hourly	</sy:updatePeriod>
	<sy:updateFrequency>
	1	</sy:updateFrequency>
	<generator>https://wordpress.org/?v=6.1.1</generator>

<image>
	<url>/wp-content/uploads/2023/03/cropped-logositoprova-2-32x32.png</url>
	<title>clothes Archivi - prova03</title>
	<link>/categoria-prodotto/clothes/</link>
	<width>32</width>
	<height>32</height>
</image> 
	<item>
		<title>Snapback</title>
		<link>/prodotto/snapback/</link>
					<comments>/prodotto/snapback/#respond</comments>
		
		<dc:creator><![CDATA[Chiara]]></dc:creator>
		<pubDate>Wed, 24 May 2017 11:41:39 +0000</pubDate>
				<guid isPermaLink="false">http://belinni.pixel-show.com/?post_type=product&#038;p=408</guid>

					<description><![CDATA[<p>100% cotone Made in Italy Codice prodotto: PFD0264 Anno 2023 Stagione: tutte</p>
<p>L'articolo <a rel="nofollow" href="/prodotto/snapback/">Snapback</a> proviene da <a rel="nofollow" href="">prova03</a>.</p>
]]></description>
										<content:encoded><![CDATA[<ul>
<li>100% cotone</li>
<li>Made in Italy</li>
<li>Codice prodotto: PFD0264</li>
<li>Anno 2023</li>
<li>Stagione: tutte</li>
</ul>
<p>L'articolo <a rel="nofollow" href="/prodotto/snapback/">Snapback</a> proviene da <a rel="nofollow" href="">prova03</a>.</p>
]]></content:encoded>
					
					<wfw:commentRss>/prodotto/snapback/feed/</wfw:commentRss>
			<slash:comments>0</slash:comments>
		
		
			</item>
		<item>
		<title>T-shirt</title>
		<link>/prodotto/stylish-%d1%81actus/</link>
					<comments>/prodotto/stylish-%d1%81actus/#comments</comments>
		
		<dc:creator><![CDATA[Chiara]]></dc:creator>
		<pubDate>Wed, 24 May 2017 11:40:10 +0000</pubDate>
				<guid isPermaLink="false">http://belinni.pixel-show.com/?post_type=product&#038;p=406</guid>

					<description><![CDATA[<p>100% cotone Made in Italy Codice prodotto: PFD0264 Anno 2023 Stagione: tutte</p>
<p>L'articolo <a rel="nofollow" href="/prodotto/stylish-%d1%81actus/">T-shirt</a> proviene da <a rel="nofollow" href="">prova03</a>.</p>
]]></description>
										<content:encoded><![CDATA[<ul>
<li>100% cotone</li>
<li>Made in Italy</li>
<li>Codice prodotto: PFD0264</li>
<li>Anno 2023</li>
<li>Stagione: tutte</li>
</ul>
<p>L'articolo <a rel="nofollow" href="/prodotto/stylish-%d1%81actus/">T-shirt</a> proviene da <a rel="nofollow" href="">prova03</a>.</p>
]]></content:encoded>
					
					<wfw:commentRss>/prodotto/stylish-%d1%81actus/feed/</wfw:commentRss>
			<slash:comments>1</slash:comments>
		
		
			</item>
		<item>
		<title>Slip-on</title>
		<link>/prodotto/delicious-berries/</link>
					<comments>/prodotto/delicious-berries/#comments</comments>
		
		<dc:creator><![CDATA[Chiara]]></dc:creator>
		<pubDate>Wed, 24 May 2017 11:37:22 +0000</pubDate>
				<guid isPermaLink="false">http://belinni.pixel-show.com/?post_type=product&#038;p=405</guid>

					<description><![CDATA[<p>100% cotone Made in Italy Codice prodotto: PFD0264 Anno 2023 Stagione: tutte</p>
<p>L'articolo <a rel="nofollow" href="/prodotto/delicious-berries/">Slip-on</a> proviene da <a rel="nofollow" href="">prova03</a>.</p>
]]></description>
										<content:encoded><![CDATA[<ul>
<li>100% cotone</li>
<li>Made in Italy</li>
<li>Codice prodotto: PFD0264</li>
<li>Anno 2023</li>
<li>Stagione: tutte</li>
</ul>
<p>L'articolo <a rel="nofollow" href="/prodotto/delicious-berries/">Slip-on</a> proviene da <a rel="nofollow" href="">prova03</a>.</p>
]]></content:encoded>
					
					<wfw:commentRss>/prodotto/delicious-berries/feed/</wfw:commentRss>
			<slash:comments>1</slash:comments>
		
		
			</item>
		<item>
		<title>Style Shoes</title>
		<link>/prodotto/style-shoes/</link>
					<comments>/prodotto/style-shoes/#comments</comments>
		
		<dc:creator><![CDATA[Chiara]]></dc:creator>
		<pubDate>Wed, 24 May 2017 11:34:23 +0000</pubDate>
				<guid isPermaLink="false">http://belinni.pixel-show.com/?post_type=product&#038;p=403</guid>

					<description><![CDATA[<p><strong>Potenti at sem</strong> sollicitudin nullam nulla eu, in in in pellentesque. Ut sapien convallis velit, hic libero pede. Sed egestas vel, velit in ac sit nam sit tellus. Ante sed sollicitudin fringilla mi vivamus, lorem ligula quam. Varius non aliquet justo massa vehicula, placerat tellus aenean eget et venenatis urna, fringilla dictum integer, donec metus laboris per nec vestibulum curabitur. Cras eleifend ipsum, nullam felis mattis orci viverra orci, elit enim ornare non vitae tortor duis, nulla vitae a est quam lacus. Mi maecenas sollicitudin nulla vestibulum et wisi, ac semper nibh at. Rerum interdum amet nam in, sed dui, varius tortor sed mi maecenas commodo, fringilla phasellus amet diam elementum, erat eu lacus. <strong>Augue scelerisque</strong>, erat curae varius sapien eget. Duis aliquet.</p>
<p>L'articolo <a rel="nofollow" href="/prodotto/style-shoes/">Style Shoes</a> proviene da <a rel="nofollow" href="">prova03</a>.</p>
]]></description>
										<content:encoded><![CDATA[<ul>
<li>100% cotone</li>
<li>Made in Italy</li>
<li>Codice prodotto: PFD0264</li>
<li>Anno 2023</li>
<li>Stagione: tutte</li>
</ul>
<p>L'articolo <a rel="nofollow" href="/prodotto/style-shoes/">Style Shoes</a> proviene da <a rel="nofollow" href="">prova03</a>.</p>
]]></content:encoded>
					
					<wfw:commentRss>/prodotto/style-shoes/feed/</wfw:commentRss>
			<slash:comments>2</slash:comments>
		
		
			</item>
		<item>
		<title>Kiss T-shirt</title>
		<link>/prodotto/kiss-t-shirt/</link>
					<comments>/prodotto/kiss-t-shirt/#comments</comments>
		
		<dc:creator><![CDATA[Chiara]]></dc:creator>
		<pubDate>Wed, 24 May 2017 11:30:41 +0000</pubDate>
				<guid isPermaLink="false">http://belinni.pixel-show.com/?post_type=product&#038;p=401</guid>

					<description><![CDATA[<p>100% cotone Made in Italy Codice prodotto: PFD0264 Anno 2023 Stagione: tutte</p>
<p>L'articolo <a rel="nofollow" href="/prodotto/kiss-t-shirt/">Kiss T-shirt</a> proviene da <a rel="nofollow" href="">prova03</a>.</p>
]]></description>
										<content:encoded><![CDATA[<ul>
<li>100% cotone</li>
<li>Made in Italy</li>
<li>Codice prodotto: PFD0264</li>
<li>Anno 2023</li>
<li>Stagione: tutte</li>
</ul>
<p>L'articolo <a rel="nofollow" href="/prodotto/kiss-t-shirt/">Kiss T-shirt</a> proviene da <a rel="nofollow" href="">prova03</a>.</p>
]]></content:encoded>
					
					<wfw:commentRss>/prodotto/kiss-t-shirt/feed/</wfw:commentRss>
			<slash:comments>1</slash:comments>
		
		
			</item>
	</channel>
</rss>
