<?xml version="1.0" encoding="UTF-8"?><rss version="2.0"
	xmlns:content="http://purl.org/rss/1.0/modules/content/"
	xmlns:dc="http://purl.org/dc/elements/1.1/"
	xmlns:atom="http://www.w3.org/2005/Atom"
	xmlns:sy="http://purl.org/rss/1.0/modules/syndication/"
	
	>
<channel>
	<title>
	Commenti a: 10 Questions on the Future of the Fashion Industry	</title>
	<atom:link href="/2017/05/23/10-questions-on-the-future-of-the-fashion-industry/feed/" rel="self" type="application/rss+xml" />
	<link>/2017/05/23/10-questions-on-the-future-of-the-fashion-industry/</link>
	<description></description>
	<lastBuildDate>Wed, 24 May 2017 14:29:41 +0000</lastBuildDate>
	<sy:updatePeriod>
	hourly	</sy:updatePeriod>
	<sy:updateFrequency>
	1	</sy:updateFrequency>
	<generator>https://wordpress.org/?v=6.1.1</generator>
	<item>
		<title>
		Di: Vincent		</title>
		<link>/2017/05/23/10-questions-on-the-future-of-the-fashion-industry/#comment-7</link>

		<dc:creator><![CDATA[Vincent]]></dc:creator>
		<pubDate>Wed, 24 May 2017 14:29:41 +0000</pubDate>
		<guid isPermaLink="false">http://belinni.pixel-show.com/?p=289#comment-7</guid>

					<description><![CDATA[In risposta a &lt;a href=&quot;/2017/05/23/10-questions-on-the-future-of-the-fashion-industry/#comment-6&quot;&gt;Viktoria&lt;/a&gt;.

Lacus dapibus neque amet, pellentesque convallis molestie vestibulum, amet orci, non cursus id.]]></description>
			<content:encoded><![CDATA[<p>In risposta a <a href="/2017/05/23/10-questions-on-the-future-of-the-fashion-industry/#comment-6">Viktoria</a>.</p>
<p>Lacus dapibus neque amet, pellentesque convallis molestie vestibulum, amet orci, non cursus id.</p>
]]></content:encoded>
		
			</item>
		<item>
		<title>
		Di: Viktoria		</title>
		<link>/2017/05/23/10-questions-on-the-future-of-the-fashion-industry/#comment-6</link>

		<dc:creator><![CDATA[Viktoria]]></dc:creator>
		<pubDate>Wed, 24 May 2017 14:28:20 +0000</pubDate>
		<guid isPermaLink="false">http://belinni.pixel-show.com/?p=289#comment-6</guid>

					<description><![CDATA[Volutpat ante lorem suspendisse rutrum, sollicitudin non justo, pede orci, libero in porttitor dui. Lacus dapibus neque amet, pellentesque convallis molestie vestibulum, amet orci, non cursus id.]]></description>
			<content:encoded><![CDATA[<p>Volutpat ante lorem suspendisse rutrum, sollicitudin non justo, pede orci, libero in porttitor dui. Lacus dapibus neque amet, pellentesque convallis molestie vestibulum, amet orci, non cursus id.</p>
]]></content:encoded>
		
			</item>
	</channel>
</rss>
