<?xml version="1.0" encoding="UTF-8"?><rss version="2.0"
	xmlns:content="http://purl.org/rss/1.0/modules/content/"
	xmlns:dc="http://purl.org/dc/elements/1.1/"
	xmlns:atom="http://www.w3.org/2005/Atom"
	xmlns:sy="http://purl.org/rss/1.0/modules/syndication/"
	
	>
<channel>
	<title>
	Commenti a: What are people working on in coffee shops?	</title>
	<atom:link href="/2017/05/23/what-are-people-working-on-in-coffee-shops/feed/" rel="self" type="application/rss+xml" />
	<link>/2017/05/23/what-are-people-working-on-in-coffee-shops/</link>
	<description></description>
	<lastBuildDate>Wed, 24 May 2017 14:39:29 +0000</lastBuildDate>
	<sy:updatePeriod>
	hourly	</sy:updatePeriod>
	<sy:updateFrequency>
	1	</sy:updateFrequency>
	<generator>https://wordpress.org/?v=6.1.1</generator>
	<item>
		<title>
		Di: Mark		</title>
		<link>/2017/05/23/what-are-people-working-on-in-coffee-shops/#comment-17</link>

		<dc:creator><![CDATA[Mark]]></dc:creator>
		<pubDate>Wed, 24 May 2017 14:39:29 +0000</pubDate>
		<guid isPermaLink="false">http://belinni.pixel-show.com/?p=301#comment-17</guid>

					<description><![CDATA[I should be incapable of drawing a single stroke at the present moment; and yet I feel that I never was a greater artist than now. This is test comment.]]></description>
			<content:encoded><![CDATA[<p>I should be incapable of drawing a single stroke at the present moment; and yet I feel that I never was a greater artist than now. This is test comment.</p>
]]></content:encoded>
		
			</item>
	</channel>
</rss>
